{
  "enabled": true,
  "controls": [
    "A",
    "B",
    "C"
  ],
  "affine_in_sample_residual_m": 6.027749212234753e-15,
  "similarity_in_sample_residual_m": 1.7225523002936263,
  "affine_matrix_xy": [
    [
      3.884256505338818,
      0.7924534353841988
    ],
    [
      -1.8996998636908022,
      -1.9350974826489218
    ],
    [
      -4.287945397289632,
      -2.0001283442631217
    ]
  ],
  "similarity": {
    "scale": 0.29496698428501683,
    "rotation": [
      [
        0.977551867835508,
        0.2106949114034552
      ],
      [
        -0.2106949114034552,
        0.9775518678355081
      ]
    ],
    "translation": [
      6.170636531795147,
      0.012668092779925297
    ]
  },
  "affine_leave_one_out_errors_m": {
    "0": null,
    "1": null,
    "2": null
  },
  "similarity_leave_one_out_errors_m": {
    "0": 5.323111272501716,
    "1": 6.824055945420604,
    "2": 4.241922348013616
  },
  "interpretation": "This is not a calibration path and is not applied to output coordinates. With only three controls, a full affine fit can interpolate exactly; leave-one-out errors are the useful warning about asset consistency."
}