{
  "enabled": true,
  "controls": [
    "A",
    "B",
    "C"
  ],
  "affine_in_sample_rmse_m": 5.964297993468509e-16,
  "similarity_in_sample_rmse_m": 0.3148415168253451,
  "affine_matrix_xy": [
    [
      1.5416186241427148,
      0.690197484324633
    ],
    [
      -0.3978691578413498,
      -1.185519165756862
    ],
    [
      0.1337123707313608,
      -0.8098076203432405
    ]
  ],
  "similarity": {
    "scale": 0.5031455447303237,
    "rotation": [
      [
        -0.9720905036332528,
        0.23460616519190147
      ],
      [
        -0.23460616519190133,
        -0.9720905036332524
      ]
    ],
    "translation": [
      2.79305979896203,
      0.17873988360733237
    ]
  },
  "affine_leave_one_out_errors_m": {
    "0": null,
    "1": null,
    "2": null
  },
  "similarity_leave_one_out_errors_m": {
    "0": 0.8414785136488928,
    "1": 1.6675486879172126,
    "2": 0.7928336099696832
  },
  "interpretation": "This is not a calibration path and is not applied to output coordinates. With only three controls, a full affine fit can interpolate exactly; leave-one-out errors are the useful warning about asset consistency."
}