{
  "method": "offline_kalman_replay_over_cached_raw_track",
  "note": "No independent positional GT for the bin in this clip. We report smoothing strength only (frame-step and 2nd-difference std reduction), not position RMSE.",
  "raw_track_frames": 875,
  "dt_s": 0.03336666666666667,
  "pipeline_default": {
    "process_var": 3.0,
    "measurement_var": 0.01
  },
  "best_by_frame_step_reduction": {
    "process_var": 0.3,
    "measurement_var": 0.1,
    "frame_step_reduction_pct": 74.1412118438265,
    "second_diff_reduction_pct": 95.04474239704905
  },
  "best_by_second_diff_reduction": {
    "process_var": 0.3,
    "measurement_var": 0.1,
    "frame_step_reduction_pct": 74.1412118438265,
    "second_diff_reduction_pct": 95.04474239704905
  },
  "caveat": "Tuning on one video without a validation set is a single-scene fit. The pipeline keeps process_var=3.0, measurement_var=0.010 rather than the grid optimum.",
  "results": [
    {
      "process_var": 0.3,
      "measurement_var": 0.001,
      "n_frames": 875,
      "raw_step_std_m": 0.029647605336926137,
      "filt_step_std_m": 0.011714846798335905,
      "frame_step_reduction_pct": 60.48636419297904,
      "raw_second_diff_std_m": 0.03575786953660631,
      "filt_second_diff_std_m": 0.005472814062712461,
      "second_diff_reduction_pct": 84.6947982817886
    },
    {
      "process_var": 0.3,
      "measurement_var": 0.01,
      "n_frames": 875,
      "raw_step_std_m": 0.029647605336926137,
      "filt_step_std_m": 0.008869539011926976,
      "frame_step_reduction_pct": 70.08345560752606,
      "raw_second_diff_std_m": 0.03575786953660631,
      "filt_second_diff_std_m": 0.00312838228903722,
      "second_diff_reduction_pct": 91.25120615523637
    },
    {
      "process_var": 0.3,
      "measurement_var": 0.05,
      "n_frames": 875,
      "raw_step_std_m": 0.029647605336926137,
      "filt_step_std_m": 0.007921510614231225,
      "frame_step_reduction_pct": 73.2811114954874,
      "raw_second_diff_std_m": 0.03575786953660631,
      "filt_second_diff_std_m": 0.0021012583674765344,
      "second_diff_reduction_pct": 94.12364776003945
    },
    {
      "process_var": 0.3,
      "measurement_var": 0.1,
      "n_frames": 875,
      "raw_step_std_m": 0.029647605336926137,
      "filt_step_std_m": 0.007666511457454119,
      "frame_step_reduction_pct": 74.1412118438265,
      "raw_second_diff_std_m": 0.03575786953660631,
      "filt_second_diff_std_m": 0.0017718945488659637,
      "second_diff_reduction_pct": 95.04474239704905
    },
    {
      "process_var": 0.5,
      "measurement_var": 0.001,
      "n_frames": 875,
      "raw_step_std_m": 0.029647605336926137,
      "filt_step_std_m": 0.012555302730579773,
      "frame_step_reduction_pct": 57.65154524995608,
      "raw_second_diff_std_m": 0.03575786953660631,
      "filt_second_diff_std_m": 0.006173984615444862,
      "second_diff_reduction_pct": 82.73391369381113
    },
    {
      "process_var": 0.5,
      "measurement_var": 0.01,
      "n_frames": 875,
      "raw_step_std_m": 0.029647605336926137,
      "filt_step_std_m": 0.009336748207442402,
      "frame_step_reduction_pct": 68.50758062468718,
      "raw_second_diff_std_m": 0.03575786953660631,
      "filt_second_diff_std_m": 0.003547042237895868,
      "second_diff_reduction_pct": 90.08038710397815
    },
    {
      "process_var": 0.5,
      "measurement_var": 0.05,
      "n_frames": 875,
      "raw_step_std_m": 0.029647605336926137,
      "filt_step_std_m": 0.008150734795170384,
      "frame_step_reduction_pct": 72.5079489471663,
      "raw_second_diff_std_m": 0.03575786953660631,
      "filt_second_diff_std_m": 0.0023840946197865517,
      "second_diff_reduction_pct": 93.3326715190739
    },
    {
      "process_var": 0.5,
      "measurement_var": 0.1,
      "n_frames": 875,
      "raw_step_std_m": 0.029647605336926137,
      "filt_step_std_m": 0.007851208086756505,
      "frame_step_reduction_pct": 73.5182386653744,
      "raw_second_diff_std_m": 0.03575786953660631,
      "filt_second_diff_std_m": 0.0020089279112215025,
      "second_diff_reduction_pct": 94.38185793153893
    },
    {
      "process_var": 1.0,
      "measurement_var": 0.001,
      "n_frames": 875,
      "raw_step_std_m": 0.029647605336926137,
      "filt_step_std_m": 0.013796183455767778,
      "frame_step_reduction_pct": 53.46611202158507,
      "raw_second_diff_std_m": 0.03575786953660631,
      "filt_second_diff_std_m": 0.007253268517267974,
      "second_diff_reduction_pct": 79.71560215621179
    },
    {
      "process_var": 1.0,
      "measurement_var": 0.01,
      "n_frames": 875,
      "raw_step_std_m": 0.029647605336926137,
      "filt_step_std_m": 0.010124627878654112,
      "frame_step_reduction_pct": 65.85009897563675,
      "raw_second_diff_std_m": 0.03575786953660631,
      "filt_second_diff_std_m": 0.004201074665819115,
      "second_diff_reduction_pct": 88.25132839215054
    },
    {
      "process_var": 1.0,
      "measurement_var": 0.05,
      "n_frames": 875,
      "raw_step_std_m": 0.029647605336926137,
      "filt_step_std_m": 0.008561808906528379,
      "frame_step_reduction_pct": 71.12141500391388,
      "raw_second_diff_std_m": 0.03575786953660631,
      "filt_second_diff_std_m": 0.0028300902376562267,
      "second_diff_reduction_pct": 92.08540588594354
    },
    {
      "process_var": 1.0,
      "measurement_var": 0.1,
      "n_frames": 875,
      "raw_step_std_m": 0.029647605336926137,
      "filt_step_std_m": 0.008151447995166063,
      "frame_step_reduction_pct": 72.50554335660485,
      "raw_second_diff_std_m": 0.03575786953660631,
      "filt_second_diff_std_m": 0.002384369361414746,
      "second_diff_reduction_pct": 93.33190318015507
    },
    {
      "process_var": 2.0,
      "measurement_var": 0.001,
      "n_frames": 875,
      "raw_step_std_m": 0.029647605336926137,
      "filt_step_std_m": 0.015158482724115052,
      "frame_step_reduction_pct": 48.87113966929687,
      "raw_second_diff_std_m": 0.03575786953660631,
      "filt_second_diff_std_m": 0.008494853280378824,
      "second_diff_reduction_pct": 76.24340210849977
    },
    {
      "process_var": 2.0,
      "measurement_var": 0.01,
      "n_frames": 875,
      "raw_step_std_m": 0.029647605336926137,
      "filt_step_std_m": 0.01109022142186339,
      "frame_step_reduction_pct": 62.59319666519405,
      "raw_second_diff_std_m": 0.03575786953660631,
      "filt_second_diff_std_m": 0.004967462960900913,
      "second_diff_reduction_pct": 86.10805670115333
    },
    {
      "process_var": 2.0,
      "measurement_var": 0.05,
      "n_frames": 875,
      "raw_step_std_m": 0.029647605336926137,
      "filt_step_std_m": 0.009123114889278085,
      "frame_step_reduction_pct": 69.2281559147874,
      "raw_second_diff_std_m": 0.03575786953660631,
      "filt_second_diff_std_m": 0.0033575654346474373,
      "second_diff_reduction_pct": 90.61027550533959
    },
    {
      "process_var": 2.0,
      "measurement_var": 0.1,
      "n_frames": 875,
      "raw_step_std_m": 0.029647605336926137,
      "filt_step_std_m": 0.008562649934145586,
      "frame_step_reduction_pct": 71.11857825670394,
      "raw_second_diff_std_m": 0.03575786953660631,
      "filt_second_diff_std_m": 0.0028306093659487765,
      "second_diff_reduction_pct": 92.08395409840901
    },
    {
      "process_var": 3.0,
      "measurement_var": 0.001,
      "n_frames": 875,
      "raw_step_std_m": 0.029647605336926137,
      "filt_step_std_m": 0.01599237494581621,
      "frame_step_reduction_pct": 46.0584598180087,
      "raw_second_diff_std_m": 0.03575786953660631,
      "filt_second_diff_std_m": 0.009302017027495214,
      "second_diff_reduction_pct": 73.98609831054816
    },
    {
      "process_var": 3.0,
      "measurement_var": 0.01,
      "n_frames": 875,
      "raw_step_std_m": 0.029647605336926137,
      "filt_step_std_m": 0.011715830451384116,
      "frame_step_reduction_pct": 60.48304637679445,
      "raw_second_diff_std_m": 0.03575786953660631,