{
  "video": "stress_long_harsh.mp4",
  "detector_backend": {
    "backend": "hybrid_classical_cpu",
    "uses_native_pretrained_class": false,
    "uses_gpu": false,
    "proposal_sources": [
      "blue_hsv_shape",
      "dark_rect_shape",
      "edge_shape",
      "motion_foreground"
    ],
    "notes": "CPU-only multi-cue proposal detector. It avoids the false COCO trash-can-class assumption and is paired with temporal association."
  },
  "frames_processed": 3500,
  "fps_reported": 29.97,
  "detector_hit_rate": 1.0,
  "detector_strong_hit_rate": 1.0,
  "flow_assisted_frames": 156,
  "world_gate_rejections": 23795,
  "tracker_output_rate": 1.0,
  "occluded_frames": 241,
  "blurry_frames": 156,
  "track_state_counts": {
    "STATIONARY": 381,
    "CONFIRMED": 2829,
    "OCCLUDED": 241,
    "REACQUIRED": 49
  },
  "mean_processing_ms_per_frame": 34.36233207533951,
  "p95_processing_ms_per_frame": 37.270512192480965,
  "max_processing_ms_per_frame": 50.94824999105185,
  "first_track_stdout_ms_from_python": 60.299750010017306,
  "waypoints": {
    "A": {
      "color": "green",
      "approx_frame": 45,
      "world_ground": [
        5.201102184745891,
        -3.3055991699485594e-08,
        0.0
      ],
      "world_centroid": [
        5.201102184745891,
        -3.3055991699485594e-08,
        0.325
      ]
    },
    "B": {
      "color": "orange",
      "approx_frame": 195,
      "world_ground": [
        7.132350593961992,
        -1.2141211996688075,
        0.0
      ],
      "world_centroid": [
        7.132350593961992,
        -1.2141211996688075,
        0.325
      ]
    },
    "C": {
      "color": "red",
      "approx_frame": 345,
      "world_ground": [
        8.871528711756712,
        0.9152339084922867,
        0.0
      ],
      "world_centroid": [
        8.871528711756712,
        0.9152339084922867,
        0.325
      ]
    }
  },
  "stops": [
    {
      "name": "A",
      "approx_frame": 45,
      "frame_start": 20,
      "frame_end": 69,
      "num_frames": 11,
      "gt_world_ground": [
        5.201102184745891,
        -3.3055991699485594e-08,
        0.0
      ],
      "gt_world_centroid": [
        5.201102184745891,
        -3.3055991699485594e-08,
        0.325
      ],
      "estimated_raw_centroid": [
        2.389090165608822,
        -0.06474475386148741,
        0.325
      ],
      "estimated_filtered_centroid": [
        2.3854258493070164,
        -0.06518594634100841,
        0.325
      ],
      "error_xy_m": 2.816430796103695,
      "error_3d_centroid_m": 2.816430796103695,
      "raw_jitter_std_m": 0.11037141182872034,
      "filtered_jitter_std_m": 0.10477199189247632
    },
    {
      "name": "B",
      "approx_frame": 195,
      "frame_start": 173,
      "frame_end": 219,
      "num_frames": 28,
      "gt_world_ground": [
        7.132350593961992,
        -1.2141211996688075,
        0.0
      ],
      "gt_world_centroid": [
        7.132350593961992,
        -1.2141211996688075,
        0.325
      ],
      "estimated_raw_centroid": [
        3.3069817304446025,
        0.966477091500889,
        0.325
      ],
      "estimated_filtered_centroid": [
        3.3014210634257317,
        0.9670751667205113,
        0.325
      ],
      "error_xy_m": 4.408360087003413,
      "error_3d_centroid_m": 4.408360087003413,
      "raw_jitter_std_m": 0.004848194846853934,
      "filtered_jitter_std_m": 0.015094757940728388
    },
    {
      "name": "C",
      "approx_frame": 345,
      "frame_start": 333,
      "frame_end": 357,
      "num_frames": 25,
      "gt_world_ground": [
        8.871528711756712,
        0.9152339084922867,
        0.0
      ],
      "gt_world_centroid": [
        8.871528711756712,
        0.9152339084922867,
        0.325
      ],
      "estimated_raw_centroid": [
        3.2252899990678614,
        -0.12854457318524307,
        0.325
      ],
      "estimated_filtered_centroid": [
        3.298280657045232,
        -0.11667264273371479,
        0.325
      ],
      "error_xy_m": 5.6679736246570895,
      "error_3d_centroid_m": 5.6679736246570895,
      "raw_jitter_std_m": 0.16654353880779676,
      "filtered_jitter_std_m": 0.17283384464983248
    }
  ],
  "metrics": {
    "rmse_xy_m": 4.453157909309395,
    "rmse_3d_centroid_m": 4.453157909309395,
    "raw_jitter_std_m": 0.09392104849445702,
    "filtered_jitter_std_m": 0.09756686482767907,
    "jitter_reduction_pct": -3.8817883655091645,
    "smoothness": {
      "raw_frame_step_std_m": 0.07173217676416495,
      "filtered_frame_step_std_m": 0.03817764714282409,
      "frame_step_std_reduction_pct": 46.777514826656706,
      "raw_second_difference_std_m": 0.09318180700367398,
      "filtered_second_difference_std_m": 0.04628586080998854,
      "second_difference_std_reduction_pct": 50.327362928083616,
      "raw_median_frame_step_m": 0.026570121380481274,
      "filtered_median_frame_step_m": 0.01749914675868051
    }
  },
  "strict_stops": [
    {
      "name": "A",
      "approx_frame": 45,
      "frame_start": 20,
      "frame_end": 69,
      "num_frames": 11,
      "gt_world_ground": [
        5.201102184745891,
        -3.3055991699485594e-08,
        0.0
      ],
      "gt_world_centroid": [
        5.201102184745891,
        -3.3055991699485594e-08,
        0.325
      ],
      "estimated_raw_centroid": [
        2.389090165608822,
        -0.06474475386148741,
        0.325
      ],
      "estimated_filtered_centroid": [
        2.3854258493070164,
        -0.06518594634100841,
        0.325
      ],
      "error_xy_m": 2.816430796103695,
      "error_3d_centroid_m": 2.816430796103695,
      "raw_jitter_std_m": 0.11037141182872034,
      "filtered_jitter_std_m": 0.10477199189247632
    },
    {
      "name": "B",
      "approx_frame": 195,
      "frame_start": 173,
      "frame_end": 219,
      "num_frames": 28,
      "gt_world_ground": [
        7.132350593961992,
        -1.2141211996688075,
        0.0
      ],
      "gt_world_centroid": [
        7.132350593961992,
        -1.2141211996688075,
        0.325
      ],
      "estimated_raw_centroid": [
        3.3069817304446025,
        0.966477091500889,
        0.325
      ],
      "estimated_filtered_centroid": [
        3.3014210634257317,
        0.9670751667205113,
        0.325
      ],
      "error_xy_m": 4.408360087003413,
      "error_3d_centroid_m": 4.408360087003413,
      "raw_jitter_std_m": 0.004848194846853934,
      "filtered_jitter_std_m": 0.015094757940728388
    },
    {
      "name": "C",
      "approx_frame": 345,
      "frame_start": 333,
      "frame_end": 357,
      "num_frames": 25,
      "gt_world_ground": [
        8.871528711756712,
        0.9152339084922867,
        0.0
      ],
      "gt_world_centroid": [
        8.871528711756712,
        0.9152339084922867,
        0.325
      ],
      "estimated_raw_centroid": [
        3.2252899990678614,
        -0.12854457318524307,
        0.325
      ],
      "estimated_filtered_centroid": [
        3.298280657045232,
        -0.11667264273371479,
        0.325
      ],
      "error_xy_m": 5.6679736246570895,
      "error_3d_centroid_m": 5.6679736246570895,
      "raw_jitter_std_m": 0.16654353880779676,
      "filtered_jitter_std_m": 0.17283384464983248
    }
  ],
  "strict_metrics": {
    "rmse_xy_m": 4.453157909309395,
    "rmse_3d_centroid_m": 4.453157909309395,
    "raw_jitter_std_m": 0.09392104849445702,
    "filtered_jitter_std_m": 0.09756686482767907,
    "jitter_reduction_pct": -3.8817883655091645,
    "smoothness": {
      "raw_frame_step_std_m": 0.07173217676416495,
      "filtered_frame_step_std_m": 0.03817764714282409,
      "frame_step_std_reduction_pct": 46.777514826656706,
      "raw_second_difference_std_m": 0.09318180700367398,
      "filtered_second_difference_std_m": 0.04628586080998854,
      "second_difference_std_reduction_pct": 50.327362928083616,
      "raw_median_frame_step_m": 0.026570121380481274,
      "filtered_median_frame_step_m": 0.01749914675868051
    }
  },